timestamp, memory.used [MiB]
2026/05/04 23:30:58.568, 0 MiB
2026/05/04 23:30:58.618, 0 MiB
2026/05/04 23:30:58.668, 0 MiB
2026/05/04 23:30:58.718, 0 MiB
2026/05/04 23:30:58.768, 0 MiB
2026/05/04 23:30:58.818, 0 MiB
2026/05/04 23:30:58.869, 0 MiB
2026/05/04 23:30:58.919, 0 MiB
2026/05/04 23:30:58.969, 0 MiB
2026/05/04 23:30:59.019, 0 MiB
2026/05/04 23:30:59.069, 0 MiB
2026/05/04 23:30:59.119, 0 MiB
2026/05/04 23:30:59.169, 0 MiB
2026/05/04 23:30:59.219, 0 MiB
2026/05/04 23:30:59.270, 0 MiB
2026/05/04 23:30:59.320, 0 MiB
2026/05/04 23:30:59.370, 0 MiB
2026/05/04 23:30:59.420, 0 MiB
2026/05/04 23:30:59.470, 0 MiB
2026/05/04 23:30:59.521, 0 MiB
2026/05/04 23:30:59.571, 1 MiB
2026/05/04 23:30:59.625, 3 MiB
2026/05/04 23:30:59.675, 20 MiB
2026/05/04 23:30:59.725, 393 MiB
2026/05/04 23:30:59.775, 393 MiB
2026/05/04 23:30:59.826, 393 MiB
2026/05/04 23:30:59.876, 393 MiB
2026/05/04 23:30:59.926, 393 MiB
2026/05/04 23:30:59.976, 393 MiB
2026/05/04 23:31:00.026, 393 MiB
2026/05/04 23:31:00.076, 393 MiB
2026/05/04 23:31:00.126, 393 MiB
2026/05/04 23:31:00.177, 487 MiB
2026/05/04 23:31:00.227, 567 MiB
2026/05/04 23:31:00.277, 615 MiB
2026/05/04 23:31:00.327, 663 MiB
2026/05/04 23:31:00.377, 663 MiB
2026/05/04 23:31:00.427, 679 MiB
2026/05/04 23:31:00.477, 711 MiB
2026/05/04 23:31:00.528, 711 MiB
2026/05/04 23:31:00.578, 1223 MiB
2026/05/04 23:31:00.628, 1495 MiB
2026/05/04 23:31:00.678, 1495 MiB
2026/05/04 23:31:00.728, 1495 MiB
2026/05/04 23:31:00.778, 1495 MiB
2026/05/04 23:31:00.828, 1495 MiB
2026/05/04 23:31:00.878, 1495 MiB
2026/05/04 23:31:00.929, 1495 MiB
2026/05/04 23:31:00.979, 1495 MiB
2026/05/04 23:31:01.029, 1495 MiB
2026/05/04 23:31:01.079, 1495 MiB
2026/05/04 23:31:01.129, 1495 MiB
2026/05/04 23:31:01.179, 1495 MiB
2026/05/04 23:31:01.229, 1495 MiB
2026/05/04 23:31:01.279, 2007 MiB
2026/05/04 23:31:01.330, 6103 MiB
2026/05/04 23:31:01.380, 6103 MiB
2026/05/04 23:31:01.430, 6103 MiB
2026/05/04 23:31:01.480, 6103 MiB
2026/05/04 23:31:01.530, 6103 MiB
2026/05/04 23:31:01.580, 6103 MiB
2026/05/04 23:31:01.630, 6103 MiB
2026/05/04 23:31:01.681, 6103 MiB
2026/05/04 23:31:01.731, 6103 MiB
2026/05/04 23:31:01.781, 6103 MiB
2026/05/04 23:31:01.831, 6103 MiB
2026/05/04 23:31:01.881, 6135 MiB
2026/05/04 23:31:01.931, 6199 MiB
2026/05/04 23:31:01.982, 6295 MiB
2026/05/04 23:31:02.032, 6327 MiB
2026/05/04 23:31:02.082, 6391 MiB
2026/05/04 23:31:02.132, 6455 MiB
2026/05/04 23:31:02.182, 6487 MiB
2026/05/04 23:31:02.232, 7239 MiB
2026/05/04 23:31:02.282, 7239 MiB
2026/05/04 23:31:02.332, 15433 MiB
2026/05/04 23:31:02.382, 16329 MiB
2026/05/04 23:31:02.433, 16361 MiB
2026/05/04 23:31:02.483, 16361 MiB
2026/05/04 23:31:02.533, 16523 MiB
2026/05/04 23:31:02.583, 16747 MiB
2026/05/04 23:31:02.633, 16395 MiB
2026/05/04 23:31:02.683, 16109 MiB
2026/05/04 23:31:02.733, 16013 MiB
2026/05/04 23:31:02.783, 16013 MiB
2026/05/04 23:31:02.833, 16013 MiB
2026/05/04 23:31:02.883, 16013 MiB
2026/05/04 23:31:02.933, 16013 MiB
2026/05/04 23:31:02.984, 16013 MiB
2026/05/04 23:31:03.034, 16013 MiB
2026/05/04 23:31:03.084, 16013 MiB
2026/05/04 23:31:03.134, 16013 MiB
2026/05/04 23:31:03.184, 16013 MiB
2026/05/04 23:31:03.234, 16013 MiB
2026/05/04 23:31:03.284, 16013 MiB
2026/05/04 23:31:03.334, 16013 MiB
2026/05/04 23:31:03.385, 16013 MiB
2026/05/04 23:31:03.435, 15981 MiB
2026/05/04 23:31:03.485, 16077 MiB
2026/05/04 23:31:03.535, 16173 MiB
2026/05/04 23:31:03.585, 16237 MiB
2026/05/04 23:31:03.635, 16301 MiB
2026/05/04 23:31:03.685, 16365 MiB
2026/05/04 23:31:03.735, 16429 MiB
2026/05/04 23:31:03.785, 16493 MiB
2026/05/04 23:31:03.835, 16557 MiB
2026/05/04 23:31:03.886, 16557 MiB
2026/05/04 23:31:03.936, 16557 MiB
2026/05/04 23:31:03.986, 16557 MiB
2026/05/04 23:31:04.036, 16557 MiB
2026/05/04 23:31:04.086, 16557 MiB
2026/05/04 23:31:04.137, 16781 MiB
2026/05/04 23:31:04.187, 16877 MiB
2026/05/04 23:31:04.237, 16589 MiB
2026/05/04 23:31:04.287, 16461 MiB
2026/05/04 23:31:04.337, 15981 MiB
2026/05/04 23:31:04.387, 15981 MiB
2026/05/04 23:31:04.437, 15981 MiB
2026/05/04 23:31:04.487, 15981 MiB
2026/05/04 23:31:04.537, 15981 MiB
2026/05/04 23:31:04.587, 15981 MiB
2026/05/04 23:31:04.637, 15981 MiB
2026/05/04 23:31:04.688, 15981 MiB
2026/05/04 23:31:04.738, 15981 MiB
2026/05/04 23:31:04.788, 16077 MiB
2026/05/04 23:31:04.838, 16173 MiB
2026/05/04 23:31:04.888, 16237 MiB
2026/05/04 23:31:04.938, 16301 MiB
2026/05/04 23:31:04.988, 16301 MiB
2026/05/04 23:31:05.038, 16301 MiB
2026/05/04 23:31:05.088, 16333 MiB
2026/05/04 23:31:05.138, 16333 MiB
2026/05/04 23:31:05.189, 16493 MiB
2026/05/04 23:31:05.239, 16397 MiB
2026/05/04 23:31:05.289, 16077 MiB
2026/05/04 23:31:05.339, 15949 MiB
2026/05/04 23:31:05.389, 15981 MiB
2026/05/04 23:31:05.439, 16013 MiB
2026/05/04 23:31:05.491, 16013 MiB
2026/05/04 23:31:05.541, 16015 MiB
2026/05/04 23:31:05.591, 16079 MiB
2026/05/04 23:31:05.641, 15983 MiB
2026/05/04 23:31:05.691, 16079 MiB
2026/05/04 23:31:05.741, 16015 MiB
2026/05/04 23:31:05.791, 15983 MiB
2026/05/04 23:31:05.841, 16047 MiB
2026/05/04 23:31:05.892, 15983 MiB
2026/05/04 23:31:05.942, 15983 MiB
2026/05/04 23:31:05.992, 15983 MiB
2026/05/04 23:31:06.042, 15951 MiB
2026/05/04 23:31:06.092, 15951 MiB
2026/05/04 23:31:06.142, 15951 MiB
2026/05/04 23:31:06.192, 15951 MiB
2026/05/04 23:31:06.243, 15951 MiB
2026/05/04 23:31:06.293, 15951 MiB
2026/05/04 23:31:06.343, 15951 MiB
2026/05/04 23:31:06.393, 15951 MiB
2026/05/04 23:31:06.443, 15951 MiB
2026/05/04 23:31:06.493, 15951 MiB
2026/05/04 23:31:06.543, 15951 MiB
2026/05/04 23:31:06.593, 15951 MiB
2026/05/04 23:31:06.643, 15951 MiB
2026/05/04 23:31:06.694, 15951 MiB
2026/05/04 23:31:06.744, 15951 MiB
2026/05/04 23:31:06.794, 15951 MiB
2026/05/04 23:31:06.844, 15791 MiB
2026/05/04 23:31:06.894, 15790 MiB
2026/05/04 23:31:06.944, 0 MiB
2026/05/04 23:31:06.994, 0 MiB
2026/05/04 23:31:07.044, 0 MiB
2026/05/04 23:31:07.095, 0 MiB
2026/05/04 23:31:07.145, 0 MiB
2026/05/04 23:31:07.195, 0 MiB
2026/05/04 23:31:07.245, 0 MiB
2026/05/04 23:31:07.295, 0 MiB
2026/05/04 23:31:07.345, 0 MiB
2026/05/04 23:31:07.395, 0 MiB
2026/05/04 23:31:07.445, 0 MiB
2026/05/04 23:31:07.496, 0 MiB
2026/05/04 23:31:07.546, 0 MiB
2026/05/04 23:31:07.596, 0 MiB
2026/05/04 23:31:07.646, 0 MiB
2026/05/04 23:31:07.696, 0 MiB
2026/05/04 23:31:07.746, 0 MiB
2026/05/04 23:31:07.796, 0 MiB
2026/05/04 23:31:07.846, 0 MiB
2026/05/04 23:31:07.896, 0 MiB
