step,label,stark_excl_trace_ms,stark_excl_trace_ms_run1,stark_excl_trace_ms_run2,stark_excl_trace_ms_run3,constraints_ms,constraints_ms_run1,constraints_ms_run2,constraints_ms_run3,logup_gkr_ms,logup_gkr_ms_run1,logup_gkr_ms_run2,logup_gkr_ms_run3,round0_ms,round0_ms_run1,round0_ms_run2,round0_ms_run3,mle_rounds_ms,mle_rounds_ms_run1,mle_rounds_ms_run2,mle_rounds_ms_run3,openings_ms,openings_ms_run1,openings_ms_run2,openings_ms_run3,whir_ms,whir_ms_run1,whir_ms_run2,whir_ms_run3,stacked_reduction_ms,stacked_reduction_ms_run1,stacked_reduction_ms_run2,stacked_reduction_ms_run3,trace_commit_ms,trace_commit_ms_run1,trace_commit_ms_run2,trace_commit_ms_run3
step-00-baseline,Baseline (VPMM_PAGE_SIZE=16777216),673,678,672,673,319,319,318,319,121,121,121,121,121,121,121,121,76,76,75,76,209,209,209,209,65,65,65,66,143,143,144,143,144,149,144,143
step-01-multistream-round0,Multi-stream Round 0 (8 streams),592,592,593,590,238,238,240,237,121,121,121,121,40,40,40,39,76,76,79,76,209,209,209,209,64,64,64,64,144,145,144,144,143,144,143,143
step-02-multistream-gkr-input,Multi-stream GKR input eval (8 streams),557,560,557,555,202,205,202,202,85,86,85,85,41,41,39,41,76,76,76,76,209,212,209,209,64,66,64,64,145,145,145,144,142,142,144,142
step-03-stacked-mle-sync,Batch stacked-reduction MLE sync,464,462,464,465,203,203,204,203,85,85,85,85,40,40,40,40,77,77,78,77,115,114,115,116,63,63,63,63,51,51,51,52,144,144,144,145
step-04-stacking-scatter,Batch stacking scatter kernel,383,383,392,381,204,204,209,203,85,85,88,84,40,40,41,40,77,77,79,77,115,115,120,115,64,64,68,63,51,51,51,51,62,62,62,62
step-05-batch-mle-round-kernels,Batch stacked-reduction MLE round kernels,358,357,358,358,202,201,202,202,85,85,85,84,40,39,40,40,76,76,76,77,93,93,93,93,63,63,63,63,29,29,29,29,62,62,62,62
step-06-prealloc-gkr-buffers,Pre-allocate GKR input buffers,360,358,363,360,204,202,207,204,84,84,88,84,41,40,41,41,77,76,77,77,93,93,93,93,63,63,63,63,29,29,29,29,62,62,62,62
step-07-prealloc-round0-buffers,Pre-allocate Round 0 buffers + round-robin balance,358,359,358,358,202,203,202,202,84,85,84,84,40,40,40,40,76,77,76,76,93,93,93,92,63,64,63,63,29,29,29,29,62,62,62,62
step-08-gpu-round0-overlap-logup,GPU Round 0 poly extract + overlap logup precompute,359,359,356,360,202,202,200,203,84,84,84,84,38,38,37,39,78,78,77,79,93,93,93,94,63,63,63,63,29,29,29,30,62,62,62,62
